workers,normal_time,accuracy
1,0.937248706817627,1.0
2,1.6438446044921875,1.0
4,2.830155372619629,1.0
8,5.447468519210815,1.0
