workers,ray_time,ray_accuracy
1,9.627260684967041,1.0
2,9.400475263595581,1.0
4,12.18367886543274,1.0
8,2.169360399246216,1.0
